timestamp,status,probability
1768154697.539205,WAITING,0.0
1768154697.599566,WAITING,0.0
1768154697.67028,WAITING,0.0
1768154697.7293801,WAITING,0.0
1768154697.7881138,WAITING,0.0
1768154697.845772,WAITING,0.0
1768154697.905119,WAITING,0.0
1768154697.9636679,WAITING,0.0
1768154698.023628,WAITING,0.0
1768154698.087292,WAITING,0.0
1768154698.147813,WAITING,0.0
1768154698.20511,WAITING,0.0
1768154698.2650392,WAITING,0.0
1768154698.32514,WAITING,0.0
1768154698.3828878,WAITING,0.0
1768154698.441571,WAITING,0.0
1768154698.500811,WAITING,0.0
1768154698.560756,WAITING,0.0
1768154698.623134,WAITING,0.0
1768154698.685076,WAITING,0.0
1768154698.748787,WAITING,0.0
1768154698.812445,WAITING,0.0
1768154698.876666,WAITING,0.0
1768154698.940269,WAITING,0.0
1768154699.008105,WAITING,0.0
1768154699.074039,WAITING,0.0
1768154699.1419048,WAITING,0.0
1768154699.2050629,WAITING,0.0
1768154699.270185,WAITING,0.0
1768154699.3338828,WAITING,0.0
1768154699.397904,WAITING,0.0
1768154699.461993,WAITING,0.0
1768154699.5230231,WAITING,0.0
1768154699.582062,WAITING,0.0
1768154699.648179,WAITING,0.0
1768154699.707788,WAITING,0.0
1768154699.773159,WAITING,0.0
1768154699.8390741,WAITING,0.0
1768154699.904595,WAITING,0.0
1768154699.971103,WAITING,0.0
1768154700.0353138,WAITING,0.0
1768154700.099402,WAITING,0.0
1768154700.1613388,WAITING,0.0
1768154700.2254431,WAITING,0.0
1768154700.292934,WAITING,0.0
1768154700.362196,WAITING,0.0
1768154700.426281,WAITING,0.0
1768154700.490164,WAITING,0.0
1768154700.5562901,WAITING,0.0
1768154700.624098,WAITING,0.0
1768154700.686847,WAITING,0.0
1768154700.752474,WAITING,0.0
1768154700.820564,WAITING,0.0
1768154700.883018,WAITING,0.0
1768154700.944185,WAITING,0.0
1768154701.01132,WAITING,0.0
1768154701.0769851,WAITING,0.0
1768154701.141662,WAITING,0.0
1768154701.202791,WAITING,0.0
1768154701.2674801,WAITING,0.0
1768154701.33393,WAITING,0.0
1768154701.3984241,WAITING,0.0
1768154701.463948,WAITING,0.0
1768154701.530093,WAITING,0.0
1768154701.596525,WAITING,0.0
1768154701.661958,WAITING,0.0
1768154701.7252429,WAITING,0.0
1768154701.785077,WAITING,0.0
1768154701.8451788,WAITING,0.0
1768154701.900851,WAITING,0.0
1768154701.961803,WAITING,0.0
1768154702.023231,WAITING,0.0
1768154702.083657,WAITING,0.0
1768154702.142347,WAITING,0.0
1768154702.199779,WAITING,0.0
1768154702.2591949,WAITING,0.0
1768154702.317285,WAITING,0.0
1768154702.377347,WAITING,0.0
1768154702.439708,WAITING,0.0
1768154702.507989,WAITING,0.0
1768154702.574294,WAITING,0.0
1768154702.637541,WAITING,0.0
1768154702.7023401,WAITING,0.0
1768154702.767766,WAITING,0.0
1768154702.8334029,WAITING,0.0
1768154702.9003499,WAITING,0.0
1768154702.966089,WAITING,0.0
1768154703.034848,WAITING,0.0
1768154703.102707,WAITING,0.0
1768154703.167556,WAITING,0.0
1768154703.229239,WAITING,0.0
1768154703.297456,WAITING,0.0
1768154703.3626251,WAITING,0.0
1768154703.4293618,WAITING,0.0
1768154703.497348,WAITING,0.0
1768154703.5625112,WAITING,0.0
1768154703.628394,WAITING,0.0
1768154703.6993852,WAITING,0.0
1768154703.766967,WAITING,0.0
1768154703.83342,WAITING,0.0
1768154703.899585,WAITING,0.0
1768154703.965733,WAITING,0.0
1768154704.029931,WAITING,0.0
1768154704.0972302,WAITING,0.0
1768154704.1642308,WAITING,0.0
1768154704.229121,WAITING,0.0
1768154704.297397,WAITING,0.0
1768154704.3551302,WAITING,0.0
1768154704.424268,WAITING,0.0
1768154704.4918568,WAITING,0.0
1768154704.557614,WAITING,0.0
1768154704.619523,WAITING,0.0
1768154704.6885319,WAITING,0.0
1768154704.7547982,WAITING,0.0
1768154704.820076,WAITING,0.0
1768154704.8878431,WAITING,0.0
1768154704.95395,WAITING,0.0
1768154705.021321,WAITING,0.0
1768154705.0862012,WAITING,0.0
1768154705.1505768,WAITING,0.0
1768154705.214348,WAITING,0.0
1768154705.276821,WAITING,0.0
1768154705.344588,WAITING,0.0
1768154705.408469,WAITING,0.0
1768154705.476716,WAITING,0.0
1768154705.540731,WAITING,0.0
1768154705.607718,WAITING,0.0
1768154705.671532,WAITING,0.0
1768154705.7384892,WAITING,0.0
1768154705.802001,WAITING,0.0
1768154705.871048,WAITING,0.0
1768154705.936175,WAITING,0.0
1768154706.000381,WAITING,0.0
1768154706.057981,WAITING,0.0
1768154706.117387,WAITING,0.0
1768154706.178304,WAITING,0.0
1768154706.2414238,WAITING,0.0
1768154706.301842,WAITING,0.0
1768154706.360502,WAITING,0.0
1768154706.424107,WAITING,0.0
1768154706.487922,WAITING,0.0
1768154706.551659,WAITING,0.0
1768154706.61813,WAITING,0.0
1768154706.6821141,WAITING,0.0
1768154706.751431,WAITING,0.0
1768154706.814068,WAITING,0.0
1768154706.874014,WAITING,0.0
1768154706.933206,WAITING,0.0
1768154706.9938948,WAITING,0.0
1768154707.055042,WAITING,0.0
1768154707.114049,WAITING,0.0
1768154707.173579,WAITING,0.0
1768154707.235342,WAITING,0.0
1768154707.2973151,WAITING,0.0
1768154707.3579469,WAITING,0.0
1768154707.4193861,WAITING,0.0
1768154707.4831,WAITING,0.0
1768154707.547324,WAITING,0.0
1768154707.608991,WAITING,0.0
1768154707.672281,WAITING,0.0
1768154707.7343202,WAITING,0.0
1768154707.7964852,WAITING,0.0
1768154707.862499,WAITING,0.0
1768154707.9266229,WAITING,0.0
1768154707.9882822,WAITING,0.0
1768154708.049935,WAITING,0.0
1768154708.1112058,WAITING,0.0
1768154708.173404,WAITING,0.0
1768154708.235871,WAITING,0.0
1768154708.296532,WAITING,0.0
1768154708.354686,WAITING,0.0
1768154708.423506,WAITING,0.0
1768154708.487277,WAITING,0.0
1768154708.55866,WAITING,0.0
1768154708.6276789,WAITING,0.0
1768154708.693388,WAITING,0.0
1768154708.757547,WAITING,0.0
1768154708.824517,WAITING,0.0
1768154708.888793,WAITING,0.0
1768154708.957021,WAITING,0.0
1768154709.0234082,WAITING,0.0
1768154709.0904052,WAITING,0.0
1768154709.156033,WAITING,0.0
1768154709.220685,WAITING,0.0
1768154709.2877262,WAITING,0.0
1768154709.353289,WAITING,0.0
1768154709.423702,WAITING,0.0
1768154709.48722,WAITING,0.0
1768154709.5472589,WAITING,0.0
1768154709.612683,WAITING,0.0
1768154709.678536,WAITING,0.0
1768154709.7456698,WAITING,0.0
1768154709.808657,WAITING,0.0
1768154709.869022,WAITING,0.0
1768154709.9282932,WAITING,0.0
1768154709.988947,WAITING,0.0
1768154710.0521111,WAITING,0.0
1768154710.1141791,WAITING,0.0
1768154710.1773682,WAITING,0.0
1768154710.240832,WAITING,0.0
1768154710.30357,WAITING,0.0
1768154710.363283,WAITING,0.0
1768154710.425653,WAITING,0.0
1768154710.4902332,WAITING,0.0
1768154710.556819,WAITING,0.0
1768154710.6183019,WAITING,0.0
1768154710.682857,WAITING,0.0
1768154710.7484212,WAITING,0.0
1768154710.813617,WAITING,0.0
1768154710.880773,WAITING,0.0
1768154710.946902,WAITING,0.0
1768154711.0133498,WAITING,0.0
1768154711.074581,WAITING,0.0
1768154711.139211,WAITING,0.0
1768154711.204875,WAITING,0.0
1768154711.271116,WAITING,0.0
1768154711.3352342,WAITING,0.0
1768154711.397373,WAITING,0.0
1768154711.461347,WAITING,0.0
1768154711.5220742,WAITING,0.0
1768154711.5878332,WAITING,0.0
1768154711.6538801,WAITING,0.0
1768154711.720165,WAITING,0.0
1768154711.7811542,WAITING,0.0
1768154711.841603,WAITING,0.0
1768154711.9006379,WAITING,0.0
1768154711.961387,WAITING,0.0
1768154712.023474,WAITING,0.0
1768154712.0830941,WAITING,0.0
1768154712.14176,WAITING,0.0
1768154712.2008462,WAITING,0.0
1768154712.262552,WAITING,0.0
1768154712.325997,WAITING,0.0
1768154712.3897579,WAITING,0.0
1768154712.4524648,WAITING,0.0
1768154712.525482,WAITING,0.0
1768154712.5919738,WAITING,0.0
1768154712.657834,WAITING,0.0
1768154712.7198179,WAITING,0.0
1768154712.784779,WAITING,0.0
1768154712.849447,WAITING,0.0
1768154712.913408,WAITING,0.0
1768154712.985098,WAITING,0.0
1768154713.0506,WAITING,0.0
1768154713.114053,WAITING,0.0
1768154713.179803,WAITING,0.0
1768154713.244313,WAITING,0.0
1768154713.309044,WAITING,0.0
1768154713.3748338,WAITING,0.0
1768154713.437711,WAITING,0.0
1768154713.505159,WAITING,0.0
1768154713.571015,WAITING,0.0
1768154713.634994,WAITING,0.0
1768154713.701439,WAITING,0.0
1768154713.765058,WAITING,0.0
1768154713.829899,WAITING,0.0
1768154713.888957,WAITING,0.0
1768154713.945694,WAITING,0.0
1768154714.007602,WAITING,0.0
1768154714.068972,WAITING,0.0
1768154714.131534,WAITING,0.0
1768154714.1942,WAITING,0.0
1768154714.25919,WAITING,0.0
1768154714.32324,WAITING,0.0
1768154714.3887439,WAITING,0.0
1768154714.455822,WAITING,0.0
1768154714.5194418,WAITING,0.0
1768154714.585366,WAITING,0.0
1768154714.654061,WAITING,0.0
1768154714.7188091,WAITING,0.0
1768155031.189366,WAITING,0.0
1768155031.248984,WAITING,0.0
1768155031.308034,WAITING,0.0
1768155031.36749,WAITING,0.0
1768155031.426676,WAITING,0.0
1768155031.4853098,WAITING,0.0
1768155031.543998,WAITING,0.0
1768155031.602582,WAITING,0.0
1768155031.662334,WAITING,0.0
1768155031.72487,WAITING,0.0
1768155031.7880309,WAITING,0.0
1768155031.8485591,WAITING,0.0
1768155031.9114828,WAITING,0.0
1768155031.975719,WAITING,0.0
1768155032.0376441,WAITING,0.0
1768155032.0968618,WAITING,0.0
1768155032.156385,WAITING,0.0
1768155032.210218,WAITING,0.0
1768155032.269266,WAITING,0.0
1768155032.328918,WAITING,0.0
1768155032.385963,WAITING,0.0
1768155032.44492,WAITING,0.0
1768155032.5106502,WAITING,0.0
1768155032.579951,WAITING,0.0
1768155032.646112,WAITING,0.0
1768155032.712857,WAITING,0.0
1768155032.778639,WAITING,0.0
1768155032.8435001,WAITING,0.0
1768155032.907896,WAITING,0.0
1768155032.976398,WAITING,0.0
1768155033.035481,WAITING,0.0
1768155033.093655,WAITING,0.0
1768155033.152456,WAITING,0.0
1768155033.21178,WAITING,0.0
1768155033.273953,WAITING,0.0
1768155033.3377652,WAITING,0.0
1768155033.400673,WAITING,0.0
1768155033.462306,WAITING,0.0
1768155033.528078,WAITING,0.0
1768155033.594444,WAITING,0.0
1768155033.668311,WAITING,0.0
1768155033.7357209,WAITING,0.0
1768155033.801483,WAITING,0.0
1768155033.8653839,WAITING,0.0
1768155033.931207,WAITING,0.0
1768155034.000413,WAITING,0.0
1768155034.062516,WAITING,0.0
1768155034.127176,WAITING,0.0
1768155034.192675,WAITING,0.0
1768155034.254015,WAITING,0.0
1768155034.3182878,WAITING,0.0
1768155034.3778079,WAITING,0.0
1768155034.443167,WAITING,0.0
1768155034.506608,WAITING,0.0
1768155034.5694778,WAITING,0.0
1768155034.6342258,WAITING,0.0
1768155034.700833,WAITING,0.0
1768155034.767367,WAITING,0.0
1768155034.835685,WAITING,0.0
1768155034.902059,WAITING,0.0
1768155034.964833,WAITING,0.0
1768155035.033351,WAITING,0.0
1768155035.100426,WAITING,0.0
1768155035.1618161,WAITING,0.0
1768155035.2250528,WAITING,0.0
1768155035.28948,WAITING,0.0
1768155035.357126,WAITING,0.0
1768155035.423201,WAITING,0.0
1768155035.489213,WAITING,0.0
1768155035.5575948,WAITING,0.0
1768155035.6192892,WAITING,0.0
1768155035.685805,WAITING,0.0
1768155035.748082,WAITING,0.0
1768155035.81232,WAITING,0.0
1768155035.8760278,WAITING,0.0
1768155035.934952,WAITING,0.0
1768155035.996087,WAITING,0.0
1768155036.059583,WAITING,0.0
1768155036.124309,WAITING,0.0
1768155036.18743,WAITING,0.0
1768155036.253601,WAITING,0.0
1768155036.318593,WAITING,0.0
1768155036.380909,WAITING,0.0
1768155036.4409459,WAITING,0.0
1768155036.500257,WAITING,0.0
1768155036.5603461,WAITING,0.0
1768155036.620538,WAITING,0.0
1768155036.682503,WAITING,0.0
1768155036.745871,WAITING,0.0
1768155036.8100522,WAITING,0.0
1768155036.875843,WAITING,0.0
1768155036.937748,WAITING,0.0
1768155037.000886,WAITING,0.0
1768155037.0670989,WAITING,0.0
1768155037.135248,WAITING,0.0
1768155037.1989388,WAITING,0.0
1768155037.2669802,WAITING,0.0
1768155037.32973,WAITING,0.0
1768155037.3948631,WAITING,0.0
1768155037.456599,WAITING,0.0
1768155037.522411,WAITING,0.0
1768155037.589083,WAITING,0.0
1768155037.6570072,WAITING,0.0
1768155037.725237,WAITING,0.0
1768155037.793258,WAITING,0.0
1768155037.85836,WAITING,0.0
1768155037.919659,WAITING,0.0
1768155037.982319,WAITING,0.0
1768155038.0418901,WAITING,0.0
1768155038.10075,WAITING,0.0
1768155038.160397,WAITING,0.0
1768155038.222432,WAITING,0.0
1768155038.2841358,WAITING,0.0
1768155038.34572,WAITING,0.0
1768155038.40826,WAITING,0.0
1768155038.470494,WAITING,0.0
1768155038.533804,WAITING,0.0
1768155038.5958211,WAITING,0.0
1768155038.6600451,WAITING,0.0
1768155038.723901,WAITING,0.0
1768155038.7895,WAITING,0.0
1768155038.857826,WAITING,0.0
1768155038.922467,WAITING,0.0
1768155038.986917,WAITING,0.0
1768155039.052272,WAITING,0.0
1768155039.117648,WAITING,0.0
1768155039.1837041,WAITING,0.0
1768155039.2476711,WAITING,0.0
1768155039.31325,WAITING,0.0
1768155039.377646,WAITING,0.0
1768155039.43563,WAITING,0.0
1768155039.494816,WAITING,0.0
1768155039.5520089,WAITING,0.0
1768155039.6128352,WAITING,0.0
1768155039.6744058,WAITING,0.0
1768155039.7355258,WAITING,0.0
1768155039.7992709,WAITING,0.0
1768155039.8652081,WAITING,0.0
1768155039.930311,WAITING,0.0
1768155039.9986508,WAITING,0.0
1768155040.0647838,WAITING,0.0
1768155040.129282,WAITING,0.0
1768155040.1904519,WAITING,0.0
1768155040.255847,WAITING,0.0
1768155040.325191,WAITING,0.0
1768155040.387865,WAITING,0.0
1768155040.454771,WAITING,0.0
1768155040.521237,WAITING,0.0
1768155040.5899289,WAITING,0.0
1768155040.655057,WAITING,0.0
1768155040.7188811,WAITING,0.0
1768155040.784734,WAITING,0.0
1768155040.8517811,WAITING,0.0
1768155040.916834,WAITING,0.0
1768155040.9847941,WAITING,0.0
1768155041.0500422,WAITING,0.0
1768155041.1138282,WAITING,0.0
1768155041.181086,WAITING,0.0
1768155041.246717,WAITING,0.0
1768155041.309155,WAITING,0.0
1768155041.3703291,WAITING,0.0
1768155041.4328032,WAITING,0.0
1768155041.4886,WAITING,0.0
1768155041.5471559,WAITING,0.0
1768155041.6036658,WAITING,0.0
1768155041.6663492,WAITING,0.0
1768155041.7284322,WAITING,0.0
1768155041.7941508,WAITING,0.0
1768155041.862303,WAITING,0.0
1768155041.927849,WAITING,0.0
1768155041.9963388,WAITING,0.0
1768155042.0611782,WAITING,0.0
1768155042.1234848,WAITING,0.0
1768155042.1871428,WAITING,0.0
1768155042.2540522,WAITING,0.0
1768155042.319453,WAITING,0.0
1768155042.3863401,WAITING,0.0
1768155042.455124,WAITING,0.0
1768155042.5205052,WAITING,0.0
1768155042.586703,WAITING,0.0
1768155042.65295,WAITING,0.0
1768155042.717933,WAITING,0.0
1768155042.784854,WAITING,0.0
1768155042.853817,WAITING,0.0
1768155042.920175,WAITING,0.0
1768155042.988242,WAITING,0.0
1768155043.048198,WAITING,0.0
1768155043.1076312,WAITING,0.0
1768155043.163875,WAITING,0.0
1768155043.2249548,WAITING,0.0
1768155043.287544,WAITING,0.0
1768155043.349704,WAITING,0.0
1768155043.4137,WAITING,0.0
1768155043.4858801,WAITING,0.0
1768155043.5507252,WAITING,0.0
1768155043.617694,WAITING,0.0
1768155043.6853619,WAITING,0.0
1768155043.7512882,WAITING,0.0
1768155043.81848,WAITING,0.0
1768155043.884952,WAITING,0.0
1768155043.952575,WAITING,0.0
1768155044.0295548,WAITING,0.0
1768155044.0955148,WAITING,0.0
1768155044.1588821,WAITING,0.0
1768155044.22294,WAITING,0.0
1768155044.2898061,WAITING,0.0
1768155044.3567119,WAITING,0.0
1768155044.4255621,WAITING,0.0
1768155044.4891798,WAITING,0.0
1768155044.556426,WAITING,0.0
1768155044.6222851,WAITING,0.0
1768155044.688944,WAITING,0.0
1768155044.754467,WAITING,0.0
1768155044.8194828,WAITING,0.0
1768155044.888061,WAITING,0.0
1768155044.953381,WAITING,0.0
1768155045.01745,WAITING,0.0
1768155045.086049,WAITING,0.0
1768155045.1538172,WAITING,0.0
1768155045.219521,WAITING,0.0
1768155045.28382,WAITING,0.0
1768155045.347462,WAITING,0.0
1768155045.413332,WAITING,0.0
1768155045.476258,WAITING,0.0
1768155045.5351522,WAITING,0.0
1768155045.594186,WAITING,0.0
1768155045.6527202,WAITING,0.0
1768155045.715316,WAITING,0.0
1768155045.778574,WAITING,0.0
1768155045.836909,WAITING,0.0
1768155045.901509,WAITING,0.0
1768155045.96676,WAITING,0.0
1768155046.031511,WAITING,0.0
1768155046.095787,WAITING,0.0
1768155046.1617339,WAITING,0.0
1768155046.2282062,WAITING,0.0
1768155046.2966778,WAITING,0.0
1768155046.3615282,WAITING,0.0
1768155046.41873,WAITING,0.0
1768155046.476105,WAITING,0.0
1768155046.535897,WAITING,0.0
1768155046.597473,WAITING,0.0
1768155046.659337,WAITING,0.0
1768155046.723077,WAITING,0.0
1768155046.787554,WAITING,0.0
1768155046.851383,WAITING,0.0
1768155046.9119942,WAITING,0.0
1768155046.9788291,WAITING,0.0
1768155047.044158,WAITING,0.0
1768155047.110487,WAITING,0.0
1768155047.176901,WAITING,0.0
1768155047.243052,WAITING,0.0
1768155047.3081331,WAITING,0.0
1768155047.372311,WAITING,0.0
1768155047.439677,WAITING,0.0
1768155047.5060391,WAITING,0.0
1768155047.574177,WAITING,0.0
1768155047.6415732,WAITING,0.0
1768155047.707001,WAITING,0.0
1768155047.769396,WAITING,0.0
1768155047.8377159,WAITING,0.0
1768155047.902267,WAITING,0.0
1768155047.9688718,WAITING,0.0
1768155048.0307221,WAITING,0.0
1768155048.089943,WAITING,0.0
1768155048.147169,WAITING,0.0
1768155048.2065668,WAITING,0.0
1768155048.265483,WAITING,0.0
1768155048.328164,WAITING,0.0
1768155048.3871832,WAITING,0.0
1768155048.4459991,WAITING,0.0
1768155048.510346,WAITING,0.0
1768155048.573378,WAITING,0.0
1768155048.640815,WAITING,0.0
1768155048.704576,WAITING,0.0
1768155048.768003,WAITING,0.0
1768155048.837522,WAITING,0.0
1768155048.9030569,WAITING,0.0
1768155048.9648461,WAITING,0.0
1768155049.030933,WAITING,0.0
1768155049.09618,WAITING,0.0
1768155049.155361,WAITING,0.0
1768155049.2139251,WAITING,0.0
1768155049.270245,WAITING,0.0
1768155049.327245,WAITING,0.0
1768155049.387469,WAITING,0.0
1768155049.4484391,WAITING,0.0
1768155049.510337,WAITING,0.0
1768155049.577187,WAITING,0.0
1768155293.44143,WAITING,0.0
1768155293.5132532,WAITING,0.0
1768155293.5811682,WAITING,0.0
1768155293.63968,WAITING,0.0
1768155293.698663,WAITING,0.0
1768155293.758162,WAITING,0.0
1768155293.81785,WAITING,0.0
1768155293.875762,WAITING,0.0
1768155293.93941,WAITING,0.0
1768155294.005138,WAITING,0.0
1768155294.071007,WAITING,0.0
1768155294.1352708,WAITING,0.0
1768155294.1962602,WAITING,0.0
1768155294.2560298,WAITING,0.0
1768155294.314276,WAITING,0.0
1768155294.370531,WAITING,0.0
1768155294.429961,WAITING,0.0
1768155294.486618,WAITING,0.0
1768155294.5485702,WAITING,0.0
1768155294.611126,WAITING,0.0
1768155294.672117,WAITING,0.0
1768155294.735927,WAITING,0.0
1768155294.801516,WAITING,0.0
1768155294.863154,WAITING,0.0
1768155294.929806,WAITING,0.0
1768155294.99443,WAITING,0.0
1768155295.0597298,WAITING,0.0
1768155295.125899,WAITING,0.0
1768155295.190711,WAITING,0.0
1768155295.256402,WAITING,0.0
1768155295.318597,WAITING,0.0
1768155295.376982,WAITING,0.0
1768155295.4424949,WAITING,0.0
1768155295.507742,WAITING,0.0
1768155295.5733068,WAITING,0.0
1768155295.638091,WAITING,0.0
1768155295.702563,WAITING,0.0
1768155295.763975,WAITING,0.0
1768155295.8227189,WAITING,0.0
1768155295.8820102,WAITING,0.0
1768155295.942533,WAITING,0.0
1768155296.004257,WAITING,0.0
1768155296.0685859,WAITING,0.0
1768155296.1353018,WAITING,0.0
1768155296.199245,WAITING,0.0
1768155296.264069,WAITING,0.0
1768155296.329216,WAITING,0.0
1768155296.394122,WAITING,0.0
1768155296.459554,WAITING,0.0
1768155296.520621,WAITING,0.0
1768155296.5843241,WAITING,0.0
1768155296.648764,WAITING,0.0
1768155296.712002,WAITING,0.0
1768155296.776893,WAITING,0.0
1768155296.8429341,WAITING,0.0
1768155296.908503,WAITING,0.0
1768155296.975362,WAITING,0.0
1768155297.0399969,WAITING,0.0
1768155297.1055412,WAITING,0.0
1768155297.170717,WAITING,0.0
1768155297.234292,WAITING,0.0
1768155297.299983,WAITING,0.0
1768155297.3618932,WAITING,0.0
1768155297.428069,WAITING,0.0
1768155297.494194,WAITING,0.0
1768155297.55937,WAITING,0.0
1768155297.623811,WAITING,0.0
1768155297.688549,WAITING,0.0
1768155297.752352,WAITING,0.0
1768155297.817605,WAITING,0.0
1768155297.8823402,WAITING,0.0
1768155297.9483771,WAITING,0.0
1768155298.010975,WAITING,0.0
1768155298.079378,WAITING,0.0
1768155298.1443572,WAITING,0.0
1768155298.20608,WAITING,0.0
1768155298.269405,WAITING,0.0
1768155298.336174,WAITING,0.0
1768155298.4027689,WAITING,0.0
1768155298.4686809,WAITING,0.0
1768155298.534528,WAITING,0.0
1768155298.600213,WAITING,0.0
1768155298.6658309,WAITING,0.0
1768155298.730876,WAITING,0.0
1768155298.796813,WAITING,0.0
1768155298.862027,WAITING,0.0
1768155298.927868,WAITING,0.0
1768155298.994373,WAITING,0.0
1768155299.059278,WAITING,0.0
1768155299.122856,WAITING,0.0
1768155299.180788,WAITING,0.0
1768155299.239241,WAITING,0.0
1768155299.298497,WAITING,0.0
1768155299.356392,WAITING,0.0
1768155299.417194,WAITING,0.0
1768155299.474902,WAITING,0.0
1768155299.5392718,WAITING,0.0
1768155299.604589,WAITING,0.0
1768155299.6695209,WAITING,0.0
1768155299.735994,WAITING,0.0
1768155299.8019981,WAITING,0.0
1768155299.865298,WAITING,0.0
1768155299.928232,WAITING,0.0
1768155299.9942122,WAITING,0.0
1768155300.0617778,WAITING,0.0
1768155300.1260748,WAITING,0.0
1768155300.18903,WAITING,0.0
1768155300.2552042,WAITING,0.0
1768155300.315813,WAITING,0.0
1768155300.380357,WAITING,0.0
1768155300.4461539,WAITING,0.0
1768155300.512815,WAITING,0.0
1768155300.579936,WAITING,0.0
1768155300.645498,WAITING,0.0
1768155300.708493,WAITING,0.0
1768155300.768291,WAITING,0.0
1768155300.826803,WAITING,0.0
1768155300.8853602,WAITING,0.0
1768155300.946971,WAITING,0.0
1768155301.008613,WAITING,0.0
1768155301.0695128,WAITING,0.0
1768155301.1348648,WAITING,0.0
1768155301.2006242,WAITING,0.0
1768155301.266112,WAITING,0.0
1768155301.330314,WAITING,0.0
1768155301.395691,WAITING,0.0
1768155301.462247,WAITING,0.0
1768155301.528905,WAITING,0.0
1768155301.5948741,WAITING,0.0
1768155301.6597672,WAITING,0.0
1768155301.72481,WAITING,0.0
1768155301.789633,WAITING,0.0
1768155301.855197,WAITING,0.0
1768155301.916966,WAITING,0.0
1768155301.981416,WAITING,0.0
1768155302.04687,WAITING,0.0
1768155302.113439,WAITING,0.0
1768155302.17919,WAITING,0.0
1768155302.24767,WAITING,0.0
1768155302.313819,WAITING,0.0
1768155302.3792052,WAITING,0.0
1768155302.4398122,WAITING,0.0
1768155302.503222,WAITING,0.0
1768155302.56863,WAITING,0.0
1768155302.631256,WAITING,0.0
1768155302.697675,WAITING,0.0
1768155302.761861,WAITING,0.0
1768155302.82774,WAITING,0.0
1768155302.892842,WAITING,0.0
1768155302.957551,WAITING,0.0
1768155303.0225139,WAITING,0.0
1768155303.0895512,WAITING,0.0
1768155303.155146,WAITING,0.0
1768155303.2206578,WAITING,0.0
1768155303.2870579,WAITING,0.0
1768155303.3506,WAITING,0.0
1768155303.41545,WAITING,0.0
1768155303.4783812,WAITING,0.0
1768155303.545239,WAITING,0.0
1768155303.607245,WAITING,0.0
1768155303.672986,WAITING,0.0
1768155303.736964,WAITING,0.0
1768155303.8020191,WAITING,0.0
1768155303.869071,WAITING,0.0
1768155303.933232,WAITING,0.0
1768155304.000743,WAITING,0.0
1768155304.065656,WAITING,0.0
1768155304.12858,WAITING,0.0
1768155304.1873631,WAITING,0.0
1768155304.2461429,WAITING,0.0
1768155304.306856,WAITING,0.0
1768155304.3692951,WAITING,0.0
1768155304.428909,WAITING,0.0
1768155304.491497,WAITING,0.0
1768155304.549409,WAITING,0.0
1768155304.6071098,WAITING,0.0
1768155304.6654038,WAITING,0.0
1768155304.7237601,WAITING,0.0
1768155304.785857,WAITING,0.0
1768155304.848605,WAITING,0.0
1768155304.909756,WAITING,0.0
1768155304.974648,WAITING,0.0
1768155305.0402,WAITING,0.0
1768155305.106821,WAITING,0.0
1768155305.1734111,WAITING,0.0
1768155305.238424,WAITING,0.0
1768155305.30041,WAITING,0.0
1768155305.363144,WAITING,0.0
1768155305.429402,WAITING,0.0
1768155305.493414,WAITING,0.0
1768155305.560587,WAITING,0.0
1768155305.626803,WAITING,0.0
1768155305.6936572,WAITING,0.0
1768155305.753833,WAITING,0.0
1768155305.8120692,WAITING,0.0
1768155305.871205,WAITING,0.0
1768155305.9321358,WAITING,0.0
1768155305.992032,WAITING,0.0
1768155306.054274,WAITING,0.0
1768155306.121176,WAITING,0.0
1768155306.187305,WAITING,0.0
1768155306.256671,WAITING,0.0
1768155306.3202949,WAITING,0.0
1768155306.385928,WAITING,0.0
1768155306.451301,WAITING,0.0
1768155306.515777,WAITING,0.0
1768155306.581283,WAITING,0.0
1768155306.644725,WAITING,0.0
1768155306.7095602,WAITING,0.0
1768155306.774888,WAITING,0.0
1768155306.840363,WAITING,0.0
1768155306.905717,WAITING,0.0
1768155306.97033,WAITING,0.0
1768155307.035414,WAITING,0.0
1768155307.101249,WAITING,0.0
1768155307.1637518,WAITING,0.0
1768155307.227556,WAITING,0.0
1768155307.2978492,WAITING,0.0
1768155307.360833,WAITING,0.0
1768155307.427522,WAITING,0.0
1768155307.4882119,WAITING,0.0
1768155307.55392,WAITING,0.0
1768155307.61944,WAITING,0.0
1768155307.681767,WAITING,0.0
1768155307.743693,WAITING,0.0
1768155307.8065212,WAITING,0.0
1768155307.8729632,WAITING,0.0
1768155307.938302,WAITING,0.0
1768155308.00176,WAITING,0.0
1768155308.067733,WAITING,0.0
1768155308.132554,WAITING,0.0
1768155308.197115,WAITING,0.0
1768155308.2625668,WAITING,0.0
1768155308.3275368,WAITING,0.0
1768155308.3909,WAITING,0.0
1768155308.448677,WAITING,0.0
1768155308.507206,WAITING,0.0
1768155308.568544,WAITING,0.0
1768155308.630403,WAITING,0.0
1768155308.692441,WAITING,0.0
1768155308.75072,WAITING,0.0
1768155308.816486,WAITING,0.0
1768155308.8818939,WAITING,0.0
1768155308.9481852,WAITING,0.0
1768155309.0130749,WAITING,0.0
1768155309.080032,WAITING,0.0
1768155309.141697,WAITING,0.0
1768155309.1984901,WAITING,0.0
1768155309.257191,WAITING,0.0
1768155309.314487,WAITING,0.0
1768155309.374356,WAITING,0.0
1768155309.433928,WAITING,0.0
1768155309.4955761,WAITING,0.0
1768155309.56034,WAITING,0.0
1768155309.624366,WAITING,0.0
1768155309.691798,WAITING,0.0
1768155309.759565,WAITING,0.0
1768155309.823524,WAITING,0.0
1768155309.885952,WAITING,0.0
1768155309.9510798,WAITING,0.0
1768155310.01647,WAITING,0.0
1768155310.07911,WAITING,0.0
1768155310.145569,WAITING,0.0
1768155310.211238,WAITING,0.0
1768155310.277837,WAITING,0.0
1768155310.3439329,WAITING,0.0
1768155310.4065542,WAITING,0.0
1768155310.4699059,WAITING,0.0
1768155310.5349,WAITING,0.0
1768155310.599587,WAITING,0.0
1768155310.664469,WAITING,0.0
1768155310.725182,WAITING,0.0
1768155310.785397,WAITING,0.0
1768155310.8436759,WAITING,0.0
1768155310.9043489,WAITING,0.0
1768155310.966014,WAITING,0.0
1768155311.0280828,WAITING,0.0
1768155311.0942998,WAITING,0.0
1768155311.16115,WAITING,0.0
1768155311.226905,WAITING,0.0
1768155311.295706,WAITING,0.0
1768155311.357491,WAITING,0.0
1768155311.425758,WAITING,0.0
1768155311.490007,WAITING,0.0
1768155311.554718,WAITING,0.0
1768155311.621362,WAITING,0.0
1768155311.692022,WAITING,0.0
1768155311.756551,WAITING,0.0
1768155311.821074,WAITING,0.0
1768155311.886691,WAITING,0.0
1768155311.9524438,WAITING,0.0
1768155312.017111,WAITING,0.0
1768155312.083571,WAITING,0.0
1768155312.148414,WAITING,0.0
1768155312.213892,WAITING,0.0
1768155312.2847,WAITING,0.0
1768155312.3513951,WAITING,0.0
1768155312.414083,WAITING,0.0
1768155312.474866,WAITING,0.0
1768155312.534148,WAITING,0.0
1768155312.591488,WAITING,0.0
1768155312.653792,WAITING,0.0
1768155312.716188,WAITING,0.0
1768155312.779493,WAITING,0.0
1768155312.847036,WAITING,0.0
1768155312.914167,WAITING,0.0
1768155312.9779782,WAITING,0.0
1768155313.0442271,WAITING,0.0
1768155313.1064,WAITING,0.0
1768155313.172777,WAITING,0.0
1768155313.238218,WAITING,0.0
1768155313.305814,WAITING,0.0
1768155313.3681438,WAITING,0.0
1768155313.433841,WAITING,0.0
1768155313.497317,WAITING,0.0
1768155313.562517,WAITING,0.0
1768155313.630377,WAITING,0.0
1768155313.6958542,WAITING,0.0
1768155313.7716749,WAITING,0.0
1768155313.8384268,WAITING,0.0
1768155313.909791,WAITING,0.0
1768155313.977047,WAITING,0.0
1768155314.0424519,WAITING,0.0
1768155314.108948,WAITING,0.0
1768155314.169326,WAITING,0.0
1768155314.223524,WAITING,0.0
1768155314.282461,WAITING,0.0
1768155314.340959,WAITING,0.0
1768155314.4039328,WAITING,0.0
1768155314.46679,WAITING,0.0
1768155314.5314329,WAITING,0.0
1768155314.5963619,WAITING,0.0
1768155314.6619031,WAITING,0.0
1768155314.727906,WAITING,0.0
1768155314.793133,WAITING,0.0
1768155314.8594089,WAITING,0.0
1768155314.925112,WAITING,0.0
1768155314.9900439,WAITING,0.0
1768155315.059304,WAITING,0.0
1768155315.1243541,WAITING,0.0
1768155315.190006,WAITING,0.0
1768155315.2567198,WAITING,0.0
1768155315.321295,WAITING,0.0
1768155315.3867772,WAITING,0.0
1768155315.453901,WAITING,0.0
1768155315.518493,WAITING,0.0
1768155315.584499,WAITING,0.0
1768155315.649415,WAITING,0.0
1768155315.71281,WAITING,0.0
1768155315.771657,WAITING,0.0
1768155315.830636,WAITING,0.0
1768155315.8899899,WAITING,0.0
1768155315.950203,WAITING,0.0
1768155316.008491,WAITING,0.0
1768155316.0716228,WAITING,0.0
1768155316.135436,WAITING,0.0
1768155316.2020988,WAITING,0.0
1768155316.265009,WAITING,0.0
1768155316.3306189,WAITING,0.0
1768155316.396488,WAITING,0.0
1768155316.463414,WAITING,0.0
1768155316.527925,WAITING,0.0
1768155316.593952,WAITING,0.0
1768155316.6541371,WAITING,0.0
1768155316.714236,WAITING,0.0
1768155316.7734709,WAITING,0.0
1768155316.833992,WAITING,0.0
1768155316.8957388,WAITING,0.0
1768155316.958242,WAITING,0.0
1768155317.023426,WAITING,0.0
1768155317.089422,WAITING,0.0
1768155317.153598,WAITING,0.0
1768155317.2131698,WAITING,0.0
1768155317.278096,WAITING,0.0
1768155317.340991,WAITING,0.0
1768155317.4059541,WAITING,0.0
1768155317.4719071,WAITING,0.0
1768155317.5365372,WAITING,0.0
1768155317.602504,WAITING,0.0
1768155317.672214,WAITING,0.0
1768155317.737185,WAITING,0.0
1768155317.803355,WAITING,0.0
1768155317.869627,WAITING,0.0
1768155317.9363708,WAITING,0.0
1768155318.005537,WAITING,0.0
1768155318.070404,WAITING,0.0
1768155318.1372879,WAITING,0.0
1768155318.203907,WAITING,0.0
1768155318.270185,WAITING,0.0
1768155318.3375092,WAITING,0.0
1768155318.4024708,WAITING,0.0
1768155318.469825,WAITING,0.0
1768155318.535698,WAITING,0.0
1768155318.602515,WAITING,0.0
1768155318.66725,WAITING,0.0
1768155318.732013,WAITING,0.0
1768155318.7986078,WAITING,0.0
1768155318.866391,WAITING,0.0
1768155318.9332428,WAITING,0.0
1768155319.023823,FALL,0.925
1768155319.101902,FALL,0.93
1768155319.169974,FALL,0.93
1768155319.238261,FALL,0.925
1768155319.309494,FALL,0.93
1768155319.378468,FALL,0.93
1768155319.449215,FALL,0.94
1768155319.523286,FALL,0.94
1768155319.59479,FALL,0.93
1768155319.6678321,FALL,0.93
1768155319.741111,FALL,0.93
1768155319.8135638,FALL,0.93
1768155319.8870559,FALL,0.925
1768155319.9611871,FALL,0.935
1768155320.029759,FALL,0.935
1768155320.099499,FALL,0.94
1768155320.1728928,FALL,0.935
1768155320.246101,FALL,0.935
1768155320.319461,FALL,0.935
1768155320.388124,FALL,0.935
1768155320.4604359,FALL,0.925
1768155320.529889,FALL,0.925
1768155320.603213,FALL,0.925
1768155320.676919,FALL,0.925
1768155320.7455392,FALL,0.925
1768155320.813266,FALL,0.985
1768155320.880341,FALL,0.985
1768155320.951457,FALL,0.985
1768155321.020132,FALL,0.98
1768155321.0902982,FALL,0.98
1768155321.1631732,FALL,0.985
1768155321.236865,FALL,0.985
1768155321.309995,FALL,0.985
1768155321.384104,FALL,0.985
1768155321.454955,FALL,0.98
1768155321.5284622,FALL,0.985
1768155321.6021278,FALL,0.98
1768155321.671253,FALL,0.985
1768155321.7449229,FALL,0.985
1768155321.818825,FALL,0.985
1768155321.891853,FALL,0.985
1768155321.963757,FALL,0.985
1768155322.038083,FALL,0.98
1768155322.1118999,FALL,0.965
1768155322.185622,FALL,0.98
1768155322.256146,FALL,0.965
1768155322.328477,FALL,0.98
1768155322.4018612,FALL,0.98
1768155322.471497,FALL,0.98
1768155322.5431838,FALL,0.985
1768155322.616562,FALL,0.98
1768155322.688173,FALL,0.98
1768155322.762014,FALL,0.965
1768155322.836032,FALL,0.98
1768155322.908496,FALL,0.98
1768155322.9804559,FALL,0.965
1768155323.0545359,FALL,0.965
1768155323.128407,FALL,0.965
1768155323.202157,FALL,0.965
1768155323.276433,FALL,0.965
1768155323.346976,FALL,0.965
1768155323.420723,FALL,0.98
1768155323.494825,FALL,0.98
1768155323.568733,FALL,0.98
1768155323.63809,FALL,0.98
1768155323.711605,FALL,0.98
1768155323.785793,FALL,0.985
1768155323.8548129,FALL,0.985
1768155323.929416,FALL,0.985
1768155324.003426,FALL,0.985
1768155324.0770822,FALL,0.985
1768155324.1436539,FALL,0.985
1768155324.2139368,FALL,0.985
1768155420.730206,FALL,0.985
1768155420.799443,FALL,0.995
1768155420.8678458,FALL,0.995
1768155420.934575,FALL,0.99
1768155421.0016131,FALL,0.99
1768155421.073405,FALL,0.99
1768155421.1451242,FALL,0.99
1768155421.218088,FALL,0.99
1768155421.288259,FALL,0.99
1768155421.361875,FALL,0.99
1768155421.433731,FALL,0.99
1768155421.502718,FALL,0.99
1768155421.571011,FALL,0.99
1768155421.6382039,FALL,0.99
1768155421.709203,FALL,0.99
1768155421.778709,FALL,0.99
1768155421.8513348,FALL,0.99
1768155421.920799,FALL,0.985
1768155421.993952,FALL,0.985
1768155422.0666182,FALL,0.985
1768155422.138238,FALL,0.985
1768155422.208601,FALL,0.985
1768155422.282059,FALL,0.985
1768155422.355781,FALL,0.985
1768155422.429722,FALL,0.985
1768155422.503638,FALL,0.99
1768155422.578378,FALL,0.985
1768155422.648234,FALL,0.985
1768155422.7158232,FALL,0.985
1768155422.785172,FALL,0.985
1768155422.853594,FALL,0.985
1768155422.9253829,FALL,0.985
1768155422.997592,FALL,0.985
1768155423.0702322,FALL,0.985
1768155423.143523,FALL,0.985
1768155423.2135549,FALL,0.985
1768155423.286666,FALL,0.985
1768155423.3597739,FALL,0.985
1768155423.433074,FALL,0.985
1768155423.5049238,FALL,0.985
1768155423.578517,FALL,0.985
1768155423.649739,FALL,0.985
1768155423.722037,FALL,0.985
1768155423.795624,FALL,0.985
1768155423.8696861,FALL,0.98
1768155423.942872,FALL,0.98
1768155424.0116422,FALL,0.98
1768155424.080988,FALL,0.98
1768155424.1522791,FALL,0.98
1768155424.223395,FALL,0.98
1768155424.294678,FALL,0.98
1768155424.36782,FALL,0.98
1768155424.438109,FALL,0.98
1768155424.5125592,FALL,0.98
1768155424.5857248,FALL,0.98
1768155424.655051,FALL,0.98
1768155424.724524,FALL,0.97
1768155424.798335,FALL,0.97
1768155424.870788,FALL,0.97
1768155424.9440908,FALL,0.97
1768155425.013252,FALL,0.965
1768155425.087872,FALL,0.965
1768155425.1623318,FALL,0.85
1768155425.2366211,FALL,0.845
1768155425.3091252,FALL,0.845
1768155425.3828712,FALL,0.845
1768155425.4567418,FALL,0.84
1768155425.5312462,FALL,0.845
1768155425.600451,FALL,0.845
1768155425.669295,FALL,0.845
1768155425.7366788,FALL,0.845
1768155425.80176,FALL,0.845
1768155425.868109,FALL,0.835
1768155425.9362319,FALL,0.835
1768155426.002982,FALL,0.84
1768155426.07373,FALL,0.83
1768155426.145046,FALL,0.835
1768155426.213143,FALL,0.83
1768155426.285983,FALL,0.835
1768155426.3597178,FALL,0.835
1768155426.430479,FALL,0.83
1768155426.503977,FALL,0.825
1768155426.5787158,FALL,0.835
1768155426.649837,FALL,0.835
1768155426.721855,FALL,0.835
1768155426.794443,FALL,0.83
1768155426.86365,FALL,0.825
1768155426.9370592,FALL,0.82
1768155427.010711,FALL,0.815
1768155427.080299,FALL,0.82
1768155427.153732,FALL,0.815
1768155427.2280178,FALL,0.825
1768155427.296606,FALL,0.83
1768155427.369303,FALL,0.83
1768155427.4437308,FALL,0.825
1768155427.514982,FALL,0.83
1768155427.5908182,FALL,0.84
1768155427.664004,FALL,0.85
1768155427.737513,FALL,0.845
1768155427.811015,FALL,0.845
1768155427.8805351,FALL,0.85
1768155427.9540212,FALL,0.85
1768155428.024051,FALL,0.85
1768155428.0962188,FALL,0.855
1768155428.172608,FALL,0.85
1768155428.2458491,FALL,0.85
1768155428.314166,FALL,0.85
1768155428.384341,FALL,0.85
1768155428.455141,FALL,0.85
1768155428.527946,FALL,0.85
1768155428.596043,FALL,0.855
1768155428.669364,FALL,0.855
1768155428.738962,FALL,0.85
1768155428.8124192,FALL,0.855
1768155428.886048,FALL,0.855
1768155428.954586,FALL,0.855
1768155429.023624,FALL,0.855
1768155429.096111,FALL,0.855
1768155429.170487,FALL,0.855
1768155429.243648,FALL,0.855
1768155429.31358,FALL,0.855
1768155429.3880918,FALL,0.855
1768155429.46226,FALL,0.855
1768155429.5362072,FALL,0.855
1768155429.60546,FALL,0.855
1768155429.67523,FALL,0.855
1768155429.746377,FALL,0.855
1768155429.8197582,FALL,0.855
1768155429.88856,FALL,0.855
1768155429.962191,FALL,0.85
1768155430.0357509,FALL,0.84
1768155430.108814,FALL,0.845
1768155430.183288,FALL,0.85
1768155430.255538,FALL,0.855
1768155430.328819,FALL,0.855
1768155430.402472,FALL,0.855
1768155430.471968,FALL,0.855
1768155430.545481,FALL,0.855
1768155430.61418,FALL,0.855
1768155430.6839418,FALL,0.85
1768155430.753243,FALL,0.855
1768155430.816916,FALL,0.85
1768155430.8854568,FALL,0.85
1768155430.9529321,FALL,0.845
1768155431.022193,FALL,0.845
1768155431.094539,FALL,0.845
1768155431.16609,FALL,0.84
1768155431.2380311,FALL,0.835
1768155431.311389,FALL,0.84
1768155431.38465,FALL,0.845
1768155431.4578218,FALL,0.845
1768155431.530096,FALL,0.845
1768155431.6000829,FALL,0.85
1768155431.674016,FALL,0.85
1768155431.7460108,FALL,0.845
1768155431.819155,FALL,0.835
1768155431.887808,FALL,0.845
1768155431.961192,FALL,0.84
1768155432.030774,FALL,0.845
1768155432.104396,FALL,0.84
1768155432.178058,FALL,0.835
1768155432.251998,FALL,0.82
1768155432.326474,FALL,0.815
1768155432.397442,FALL,0.8
1768155432.47156,FALL,0.8
1768155432.545977,FALL,0.81
1768155432.6175098,FALL,0.8
1768155432.68824,FALL,0.785
1768155432.75807,FALL,0.785
1768155432.827733,FALL,0.785
1768155432.8984199,FALL,0.78
1768155432.970345,FALL,0.78
1768155433.043005,FALL,0.78
1768155433.11585,FALL,0.785
1768155433.188554,FALL,0.785
1768155433.256406,FALL,0.785
1768155433.3289049,FALL,0.785
1768155433.3955572,FALL,0.785
1768155433.463595,FALL,0.785
1768155433.534838,FALL,0.785
1768155433.605346,FALL,0.78
1768155433.677175,FALL,0.78
1768155433.7489731,SAFE,0.69
1768155433.816591,SAFE,0.69
1768155433.889219,SAFE,0.69
1768155433.958854,SAFE,0.69
1768155434.031163,SAFE,0.69
1768155434.103598,FALL,0.705
1768155434.1752,FALL,0.705
1768155434.246282,FALL,0.71
1768155434.315678,FALL,0.71
1768155434.387977,FALL,0.71
1768155434.4586408,FALL,0.705
1768155434.5319412,FALL,0.71
1768155434.6001742,FALL,0.705
1768155434.670729,FALL,0.71
1768155434.742632,FALL,0.71
1768155434.815215,FALL,0.705
1768155434.887768,FALL,0.71
1768155434.9575522,FALL,0.71
1768155435.029336,FALL,0.71
1768155435.099243,FALL,0.705
1768155435.1729321,FALL,0.705
1768155435.2447948,FALL,0.71
1768155435.31637,FALL,0.705
1768155435.384185,SAFE,0.695
1768155435.45804,FALL,0.705
1768155435.5278022,SAFE,0.695
1768155435.596141,SAFE,0.695
1768155435.6660879,SAFE,0.69
1768155435.737013,SAFE,0.695
1768155435.805773,SAFE,0.695
1768155435.8726552,SAFE,0.695
1768155435.9433239,SAFE,0.695
1768155436.014577,SAFE,0.7
1768155436.086824,SAFE,0.7
1768155436.1586921,SAFE,0.7
1768155436.229602,SAFE,0.69
1768155436.30081,SAFE,0.69
1768155436.374539,SAFE,0.66
1768155436.448909,SAFE,0.66
1768155436.522165,SAFE,0.665
1768155436.5950341,SAFE,0.66
1768155436.667747,SAFE,0.665
1768155436.742707,SAFE,0.665
1768155436.8131158,SAFE,0.66
1768155436.884507,SAFE,0.66
1768155436.958039,SAFE,0.66
1768155437.0318458,SAFE,0.665
1768155437.106189,SAFE,0.665
1768155437.176715,SAFE,0.665
1768155437.25015,SAFE,0.66
1768155437.324028,SAFE,0.655
1768155437.3931148,SAFE,0.61
1768155437.467318,SAFE,0.59
1768155437.541196,SAFE,0.59
1768155437.614984,SAFE,0.575
1768155437.689219,SAFE,0.555
1768155437.7593348,SAFE,0.555
1768155437.831757,SAFE,0.555
1768155437.9058938,SAFE,0.56
1768155437.976712,SAFE,0.515
1768155438.0508459,SAFE,0.51
1768155438.124397,SAFE,0.515
1768155438.198621,SAFE,0.485
1768155438.272427,SAFE,0.47
1768155438.343581,SAFE,0.47
1768155438.417589,SAFE,0.47
1768155438.49119,SAFE,0.47
1768155438.56557,SAFE,0.47
1768155438.638867,SAFE,0.47
1768155438.7103791,SAFE,0.47
1768155438.7851741,SAFE,0.47
1768155438.859321,SAFE,0.43
1768155438.93286,SAFE,0.42
1768155439.00623,SAFE,0.42
1768155439.079946,SAFE,0.415
1768155439.15215,SAFE,0.39
1768155439.225733,SAFE,0.395
1768155439.298974,SAFE,0.3
1768155439.372712,SAFE,0.265
1768155439.4467049,SAFE,0.24
1768155439.516715,SAFE,0.24
1768155439.5905569,SAFE,0.235
1768155439.659107,SAFE,0.245
1768155439.7327292,SAFE,0.235
1768155439.806355,SAFE,0.245
1768155439.8802292,SAFE,0.235
1768155439.954113,SAFE,0.235
1768155440.027252,SAFE,0.235
1768155440.10177,SAFE,0.235
1768155440.169761,SAFE,0.235
1768155440.239383,SAFE,0.235
1768155440.307473,SAFE,0.235
1768155440.37465,SAFE,0.235
1768155440.44629,SAFE,0.235
1768155440.517185,SAFE,0.235
1768155440.5882912,SAFE,0.235
1768155440.655987,SAFE,0.235
1768155440.7238379,SAFE,0.235
1768155440.7951941,SAFE,0.235
1768155440.863523,SAFE,0.235
1768155440.930701,SAFE,0.235
1768155440.998996,SAFE,0.23
1768155441.065721,SAFE,0.23
1768155441.133209,SAFE,0.23
1768155441.205943,SAFE,0.23
1768155441.278908,SAFE,0.23
1768155441.3499908,SAFE,0.21
1768155441.420832,SAFE,0.195
1768155441.492401,SAFE,0.18
1768155441.5650518,SAFE,0.17
1768155441.6370602,SAFE,0.165
1768155441.7111459,SAFE,0.165
1768155441.785616,SAFE,0.165
1768155441.859457,SAFE,0.15
1768155441.933409,SAFE,0.15
1768155442.007298,SAFE,0.12
1768155442.076452,SAFE,0.12
1768155442.15022,SAFE,0.12
1768155442.2238111,SAFE,0.115
1768155442.2973251,SAFE,0.12
1768155442.368094,SAFE,0.115
1768155442.442463,SAFE,0.115
1768155442.516632,SAFE,0.115
1768155442.5904331,SAFE,0.105
1768155442.664437,SAFE,0.085
1768155442.738471,SAFE,0.09
1768155442.812823,SAFE,0.09
1768155442.884716,SAFE,0.085
1768155442.9584289,SAFE,0.085
1768155443.032564,SAFE,0.085
1768155443.106783,SAFE,0.085
1768155443.177004,SAFE,0.085
1768155443.251279,SAFE,0.085
1768155443.3254101,SAFE,0.085
1768155443.399322,SAFE,0.085
1768155443.473134,SAFE,0.09
1768155443.542611,SAFE,0.09
1768155443.616426,SAFE,0.085
1768155443.689986,SAFE,0.09
1768155443.759878,SAFE,0.09
1768155443.834021,SAFE,0.09
1768155443.908361,SAFE,0.09
1768155443.982555,SAFE,0.09
1768155444.056912,SAFE,0.09
1768155444.12604,SAFE,0.09
1768155444.2002711,SAFE,0.09
1768155444.273215,SAFE,0.09
1768155444.347111,SAFE,0.09
1768155444.420987,SAFE,0.09
1768155444.495699,SAFE,0.09
1768155444.568667,SAFE,0.09
1768155444.6425889,SAFE,0.09
1768155444.711981,SAFE,0.095
1768155444.7819898,SAFE,0.09
1768155444.852433,SAFE,0.09
1768155444.924302,SAFE,0.09
1768155444.997138,SAFE,0.09
1768155445.067444,SAFE,0.09
1768155445.140955,SAFE,0.085
1768155445.215303,SAFE,0.085
1768155445.2853818,SAFE,0.085
1768155445.359349,SAFE,0.085
1768155445.433148,SAFE,0.08
1768155445.507603,SAFE,0.085
1768155445.581107,SAFE,0.085
1768155445.6475892,SAFE,0.085
1768155445.718634,SAFE,0.085
1768155445.7898932,SAFE,0.085
1768155445.858628,SAFE,0.075
1768155445.9285781,SAFE,0.08
1768155445.999754,SAFE,0.08
1768155446.071658,SAFE,0.08
1768155446.142026,SAFE,0.08
1768155446.215094,SAFE,0.08
1768155446.287651,SAFE,0.08
1768155446.359405,SAFE,0.08
1768155446.4331148,SAFE,0.08
1768155446.50432,SAFE,0.08
1768155446.576927,SAFE,0.08
1768155446.650728,SAFE,0.075
1768155446.7236018,SAFE,0.075
1768155446.793155,SAFE,0.08
1768155446.8672059,SAFE,0.08
1768155446.9408782,SAFE,0.075
1768155447.014882,SAFE,0.08
1768155447.088515,SAFE,0.065
1768155447.162264,SAFE,0.06
1768155447.235061,SAFE,0.06
1768155447.309052,SAFE,0.06
1768155447.379209,SAFE,0.06
1768155447.45061,SAFE,0.06
1768155447.524069,SAFE,0.06
1768155447.5977569,SAFE,0.06
1768155447.6682801,SAFE,0.06
1768155447.742754,SAFE,0.06
1768155447.8169339,SAFE,0.06
1768155447.8915899,SAFE,0.06
1768155447.9661021,SAFE,0.06
1768155448.036627,SAFE,0.06
1768155448.111667,SAFE,0.055
1768155448.1841762,SAFE,0.055
1768155448.258395,SAFE,0.055
1768155448.332405,SAFE,0.055
1768155448.400903,SAFE,0.055
1768155448.475449,SAFE,0.055
1768155448.5496252,SAFE,0.055
1768155448.623184,SAFE,0.055
1768155448.6933708,SAFE,0.055
1768155448.7678442,SAFE,0.055
1768155448.841909,SAFE,0.055
1768155448.915325,SAFE,0.055
1768155448.98462,SAFE,0.055
1768155449.058409,SAFE,0.055
1768155449.132472,SAFE,0.055
1768155449.201486,SAFE,0.055
1768155449.2693892,SAFE,0.005
1768155449.339215,SAFE,0.005
1768155449.407368,SAFE,0.005
1768155449.474155,SAFE,0.005
1768155449.546081,SAFE,0.005
1768155449.6174889,SAFE,0.005
1768155449.687636,SAFE,0.005
1768155449.75869,SAFE,0.005
1768155449.8289359,SAFE,0.005
1768155449.8995662,SAFE,0.005
1768155449.972578,SAFE,0.005
1768155450.042669,SAFE,0.005
1768155450.1163242,SAFE,0.005
1768155450.1895502,SAFE,0.005
1768155450.2585301,SAFE,0.005
1768155450.3288739,SAFE,0.005
1768155450.400714,SAFE,0.005
1768155450.471564,SAFE,0.005
1768155450.5424058,SAFE,0.005
1768155450.6109052,SAFE,0.005
1768155450.681076,SAFE,0.005
1768155450.7951539,SAFE,0.005
1768155450.874134,SAFE,0.005
1768155450.944555,SAFE,0.005
1768155451.0139189,SAFE,0.005
1768155451.084403,SAFE,0.005
1768155451.15274,SAFE,0.005
1768155451.224777,SAFE,0.005
1768155451.29696,SAFE,0.005
1768155451.361702,SAFE,0.005
1768155451.42992,SAFE,0.005
1768155451.50471,SAFE,0.005
1768155451.5778282,SAFE,0.005
1768155451.65378,SAFE,0.005
1768155451.7288508,SAFE,0.005
1768155451.801335,SAFE,0.005
1768155451.90849,SAFE,0.005
1768155451.977383,SAFE,0.005
1768155452.048621,SAFE,0.005
1768155452.1157172,SAFE,0.005
1768155452.1827881,SAFE,0.005
1768155452.254889,SAFE,0.005
1768155452.3250802,SAFE,0.005
1768155452.3968341,SAFE,0.005
1768155452.468632,SAFE,0.005
1768155452.5408409,SAFE,0.005
1768155452.61418,SAFE,0.005
1768155452.686937,SAFE,0.005
1768155452.760061,SAFE,0.005
1768155452.833173,SAFE,0.005
1768155452.906892,SAFE,0.005
1768155452.9799218,SAFE,0.005
1768155453.0536,SAFE,0.005
1768155453.1244822,SAFE,0.005
1768155453.1966279,SAFE,0.005
1768155453.267798,SAFE,0.005
1768155453.339915,SAFE,0.005
1768155453.412381,SAFE,0.005
1768155453.484258,SAFE,0.005
1768155453.552777,SAFE,0.005
1768155453.6255271,SAFE,0.005
1768155453.699522,SAFE,0.005
1768155453.77119,SAFE,0.005
1768155453.839982,SAFE,0.01
1768155453.9113228,SAFE,0.005
1768155453.982204,SAFE,0.03
1768155454.0541902,SAFE,0.03
1768155454.124314,SAFE,0.035
1768155454.1959429,SAFE,0.035
1768155454.264668,SAFE,0.03
1768155454.33169,SAFE,0.035
1768155454.399015,SAFE,0.035
1768155454.4652421,SAFE,0.035
1768155454.535755,SAFE,0.035
1768155454.6044621,SAFE,0.035
1768155454.6756961,SAFE,0.035
1768155454.744887,SAFE,0.04
1768155454.841611,SAFE,0.04
1768155454.911628,SAFE,0.04
1768155454.982424,SAFE,0.035
1768155455.057847,SAFE,0.035
1768155455.128583,SAFE,0.04
1768155455.211398,SAFE,0.04
1768155455.287551,SAFE,0.04
1768155455.356735,SAFE,0.04
1768155455.4290838,SAFE,0.04
1768155455.499698,SAFE,0.04
1768155455.567907,SAFE,0.04
1768155455.633468,SAFE,0.035
1768155455.701854,SAFE,0.035
1768155455.773422,SAFE,0.035
1768155455.843895,SAFE,0.04
1768155455.9136431,SAFE,0.04
1768155455.984253,SAFE,0.04
1768155456.054671,SAFE,0.04
1768155456.126382,SAFE,0.04
1768155456.19765,SAFE,0.04
1768155456.269799,SAFE,0.035
1768155456.3421178,SAFE,0.035
1768155456.411202,SAFE,0.035
1768155456.479157,SAFE,0.035
1768155456.5514848,SAFE,0.035
1768155456.621866,SAFE,0.035
1768155456.6907,SAFE,0.035
1768155456.75944,SAFE,0.035
1768155456.826816,SAFE,0.04
1768155456.89421,SAFE,0.04
1768155456.9662578,SAFE,0.04
1768155457.0366888,SAFE,0.04
1768155457.106755,SAFE,0.04
1768155457.1774888,SAFE,0.04
1768155457.2480938,SAFE,0.04
1768155457.318447,SAFE,0.04
1768155457.385206,SAFE,0.04
1768155457.452443,SAFE,0.04
1768155457.521234,SAFE,0.04
1768155457.5920682,SAFE,0.04
1768155457.663775,SAFE,0.04
1768155457.735274,SAFE,0.04
1768155457.804257,SAFE,0.04
1768155457.874971,SAFE,0.04
1768155457.946652,SAFE,0.04
1768155458.0153039,SAFE,0.04
1768155458.087857,SAFE,0.04
1768155458.160774,SAFE,0.04
1768155458.229655,SAFE,0.04
1768155458.301116,SAFE,0.04
1768155458.3687491,SAFE,0.04
1768155458.434346,SAFE,0.04
1768155458.5039759,SAFE,0.04
1768155458.574763,SAFE,0.04
1768155458.6456509,SAFE,0.04
1768155458.717691,SAFE,0.04
1768155458.790206,SAFE,0.04
1768155458.862525,SAFE,0.04
1768155458.9348412,SAFE,0.04
1768155459.003943,SAFE,0.04
1768155459.076719,SAFE,0.04
1768155459.150049,SAFE,0.04
1768155459.220463,SAFE,0.04
1768155459.29301,SAFE,0.04
1768155459.363888,SAFE,0.04
1768155459.437634,SAFE,0.04
1768155459.5071628,SAFE,0.04
1768155459.579922,SAFE,0.04
1768155459.6534662,SAFE,0.035
1768155459.7268538,SAFE,0.035
1768155459.797,SAFE,0.04
1768155459.8702872,SAFE,0.04
1768155459.9417431,SAFE,0.04
1768155460.015857,SAFE,0.04
1768155460.0882602,SAFE,0.04
1768155460.161977,SAFE,0.04
1768155460.236075,SAFE,0.035
1768155460.309831,SAFE,0.04
1768155460.383404,SAFE,0.04
1768155460.450882,SAFE,0.04
1768155460.5182312,SAFE,0.04
1768155460.585098,SAFE,0.04
1768155460.651582,SAFE,0.04
1768155460.7202618,SAFE,0.04
1768155460.788007,SAFE,0.005
1768155460.8539479,SAFE,0.005
1768155460.9237592,SAFE,0.0
1768155460.9940321,SAFE,0.0
1768155461.061463,SAFE,0.005
1768155461.1327,SAFE,0.005
1768155461.2035992,SAFE,0.0
1768155461.27613,SAFE,0.0
1768155461.345633,SAFE,0.0
1768155461.418526,SAFE,0.0
1768155461.489857,SAFE,0.0
1768155461.561711,SAFE,0.0
1768155461.632738,SAFE,0.005
1768155461.704028,SAFE,0.0
1768155461.776926,SAFE,0.005
1768155461.8496,SAFE,0.005
1768155461.92284,SAFE,0.005
1768155461.996424,SAFE,0.005
1768155462.070336,SAFE,0.005
1768155462.143924,SAFE,0.005
1768155462.21387,SAFE,0.005
1768155462.287254,SAFE,0.01
1768155462.361147,SAFE,0.005
1768155462.433861,SAFE,0.01
1768155462.508113,SAFE,0.005
1768155462.5793228,SAFE,0.005
1768155462.653284,SAFE,0.005
1768155462.727763,SAFE,0.005
1768155462.800617,SAFE,0.005
1768155462.872143,SAFE,0.005
1768155462.9420311,SAFE,0.005
1768155463.013698,SAFE,0.005
1768155463.0862222,SAFE,0.005
1768155463.1554408,SAFE,0.005
1768155463.229663,SAFE,0.005
1768155463.3026402,SAFE,0.01
1768155463.374976,SAFE,0.01
1768155463.4484968,SAFE,0.01
1768155463.5209699,SAFE,0.0
1768155463.594042,SAFE,0.005
1768155463.663054,SAFE,0.0
1768155463.736269,SAFE,0.0
1768155463.8108108,SAFE,0.0
1768155463.8807628,SAFE,0.0
1768155463.952982,SAFE,0.0
1768155464.021773,SAFE,0.0
1768155464.0913641,SAFE,0.0
1768155464.163955,SAFE,0.005
1768155464.237728,SAFE,0.0
1768155464.3109062,SAFE,0.0
1768155464.3854039,SAFE,0.0
1768155464.4601002,SAFE,0.0
1768155464.5336719,SAFE,0.0
1768155464.606892,SAFE,0.0
1768155464.6803992,SAFE,0.0
1768155464.7539608,SAFE,0.0
1768155464.827348,SAFE,0.0
1768155464.898819,SAFE,0.0
1768155464.9690392,SAFE,0.005
1768155465.036247,SAFE,0.0
1768155465.103819,SAFE,0.0
1768155465.173781,SAFE,0.005
1768155465.246227,SAFE,0.005
1768155465.319284,SAFE,0.0
1768155465.388574,SAFE,0.0
1768155465.4620008,SAFE,0.005
1768155465.5332181,SAFE,0.0
1768155465.603644,SAFE,0.0
1768155465.671803,SAFE,0.005
1768155465.742817,SAFE,0.005
1768155465.811827,SAFE,0.0
1768155465.877831,SAFE,0.0
1768155465.948124,SAFE,0.005
1768155466.0191019,SAFE,0.005
1768155466.087531,SAFE,0.005
1768155466.156744,SAFE,0.005
1768155466.228821,SAFE,0.005
1768155466.3013802,SAFE,0.005
1768155466.371847,SAFE,0.005
1768155466.4417322,SAFE,0.005
1768155466.514693,SAFE,0.005
1768155466.5871549,SAFE,0.0
1768155466.659782,SAFE,0.005
1768155466.729513,SAFE,0.005
1768155466.802749,SAFE,0.005
1768155466.8750231,SAFE,0.005
1768155466.946655,SAFE,0.005
1768155467.0205991,SAFE,0.005
1768155467.0942552,SAFE,0.005
1768155467.163701,SAFE,0.005
1768155467.237077,SAFE,0.005
1768155467.3107579,SAFE,0.005
1768155467.3849542,SAFE,0.005
1768155467.4554281,SAFE,0.005
1768155467.528844,SAFE,0.005
1768155467.6025379,SAFE,0.01
1768155467.672267,SAFE,0.005
1768155467.746478,SAFE,0.005
1768155467.819468,SAFE,0.005
1768155467.888671,SAFE,0.005
1768155467.9614432,SAFE,0.005
1768155468.032028,SAFE,0.005
1768155468.105682,SAFE,0.0
1768155468.179254,SAFE,0.0
1768155468.252353,SAFE,0.005
1768155468.325726,SAFE,0.005
1768155468.400131,SAFE,0.0
1768155468.474389,SAFE,0.005
1768155468.546992,SAFE,0.005
1768155468.621023,SAFE,0.005
1768155468.694803,SAFE,0.0
1768155468.7644958,SAFE,0.005
1768155468.8388321,SAFE,0.005
1768155468.912413,SAFE,0.005
1768155468.9857972,SAFE,0.005
1768155469.0590668,SAFE,0.005
1768155469.132704,SAFE,0.005
1768155469.2067132,SAFE,0.005
1768155469.28073,SAFE,0.005
1768155469.3549929,SAFE,0.005
1768155469.429502,SAFE,0.01
1768155469.4986198,SAFE,0.005
1768155469.56928,SAFE,0.015
1768155469.63588,SAFE,0.005
1768155469.703746,SAFE,0.0
1768155469.775318,SAFE,0.005
1768155469.845855,SAFE,0.005
1768155469.9188428,SAFE,0.0
1768155469.988142,SAFE,0.005
1768155470.061111,SAFE,0.015
1768155470.1342878,SAFE,0.005
1768155470.205328,SAFE,0.0
1768155470.278933,SAFE,0.005
1768155470.3505359,SAFE,0.0
1768155470.421279,SAFE,0.0
1768155470.4941828,SAFE,0.0
1768155470.5637498,SAFE,0.0
1768155470.632134,SAFE,0.0
1768155470.701132,SAFE,0.0
1768155470.7699342,SAFE,0.0
1768155470.8401122,SAFE,0.0
1768155470.908428,SAFE,0.005
1768155470.976991,SAFE,0.005
1768155471.044946,SAFE,0.0
1768155471.114822,SAFE,0.0
1768155471.1866949,SAFE,0.0
1768155471.258343,SAFE,0.0
1768155471.3316412,SAFE,0.0
1768155471.405251,SAFE,0.0
1768155471.479077,SAFE,0.0
1768155471.552742,SAFE,0.0
1768155471.625265,SAFE,0.0
1768155471.6957922,SAFE,0.0
1768155471.7692,SAFE,0.0
1768155471.84358,SAFE,0.005
1768155471.914048,SAFE,0.0
1768155471.98788,SAFE,0.0
1768155472.0617878,SAFE,0.0
1768155472.1357682,SAFE,0.005
1768155472.205199,SAFE,0.0
1768155472.278653,SAFE,0.0
1768155472.352031,SAFE,0.0
1768155472.4248729,SAFE,0.0
1768155472.4968362,SAFE,0.0
1768155472.5695438,SAFE,0.0
1768155472.639245,SAFE,0.0
1768155472.7122781,SAFE,0.0
1768155472.785526,SAFE,0.0
1768155472.855367,SAFE,0.0
1768155472.9288,SAFE,0.0
1768155473.002068,SAFE,0.0
1768155473.075935,SAFE,0.0
1768155473.149121,SAFE,0.005
1768155473.22451,SAFE,0.005
1768155473.2975411,SAFE,0.005
1768155473.372308,SAFE,0.0
1768155473.446553,SAFE,0.0
1768155473.520857,SAFE,0.0
1768155473.5940638,SAFE,0.0
1768155473.6630652,SAFE,0.0
1768155473.733993,SAFE,0.0
1768155473.8040519,SAFE,0.0
1768155473.8761349,SAFE,0.0
1768155473.9452999,SAFE,0.0
1768155474.017399,SAFE,0.0
1768155474.09011,SAFE,0.0
1768155474.1629848,SAFE,0.0
1768155474.23589,SAFE,0.0
1768155474.3045819,SAFE,0.0
1768155474.37812,SAFE,0.0
1768155474.451207,SAFE,0.0
1768155474.521195,SAFE,0.0
1768155474.595098,SAFE,0.0
1768155474.669517,SAFE,0.0
1768155474.739167,SAFE,0.0
1768155474.8131578,SAFE,0.0
1768155474.884094,SAFE,0.0
1768155474.955169,SAFE,0.0
1768155475.024866,SAFE,0.0
1768155475.096865,SAFE,0.0
1768155475.170178,SAFE,0.0
1768155475.243995,SAFE,0.0
1768155475.3177128,SAFE,0.0
1768155475.3911119,SAFE,0.0
1768155475.4632268,SAFE,0.0
1768155475.5365272,SAFE,0.0
1768155475.6083388,SAFE,0.0
1768155475.677192,SAFE,0.0
1768155475.748387,SAFE,0.0
1768155475.8199449,SAFE,0.0
1768155475.8830788,SAFE,0.0
1768155475.951694,SAFE,0.0
1768155476.0207942,SAFE,0.0
1768155476.091808,SAFE,0.0
1768155476.1621609,SAFE,0.0
1768155476.2350342,SAFE,0.0
1768155476.305207,SAFE,0.0
1768155476.3748858,SAFE,0.0
1768155476.44732,SAFE,0.0
1768155476.521237,SAFE,0.0
1768155476.591187,SAFE,0.0
1768155476.663285,SAFE,0.0
1768155476.736673,SAFE,0.0
1768155476.8107479,SAFE,0.0
1768155476.8848572,SAFE,0.0
1768155476.9552882,SAFE,0.0
1768155477.024802,SAFE,0.0
1768155477.097428,SAFE,0.0
1768155477.1711712,SAFE,0.0
1768155477.245192,SAFE,0.0
1768155477.319339,SAFE,0.0
1768155477.393774,SAFE,0.0
1768155477.467649,SAFE,0.0
1768155477.53885,SAFE,0.0
1768155477.6123378,SAFE,0.0
1768155477.686274,SAFE,0.0
1768155477.758465,SAFE,0.0
1768155477.830339,SAFE,0.0
1768155477.904497,SAFE,0.0
1768155477.978055,SAFE,0.0
1768155478.0472288,SAFE,0.0
1768155478.120401,SAFE,0.0
1768155478.1933498,SAFE,0.0
1768155478.262857,SAFE,0.0
1768155478.336659,SAFE,0.0
1768155478.40333,SAFE,0.0
1768155478.469547,SAFE,0.0
1768155478.5356789,SAFE,0.0
1768155478.606883,SAFE,0.0
1768155478.6787882,SAFE,0.0
1768155478.749866,SAFE,0.0
1768155478.8209548,SAFE,0.0
1768155478.8949618,SAFE,0.0
1768155478.96868,SAFE,0.0
1768155479.041966,SAFE,0.0
1768155479.115201,SAFE,0.0
1768155479.187388,SAFE,0.0
1768155479.260692,SAFE,0.0
1768155479.3299131,SAFE,0.005
1768155479.402813,SAFE,0.0
1768155479.471871,SAFE,0.0
1768155479.5421069,SAFE,0.0
1768155479.6129532,SAFE,0.0
1768155479.678983,SAFE,0.0
1768155479.74542,SAFE,0.0
1768155479.8150442,SAFE,0.0
1768155479.8858838,SAFE,0.0
1768155479.9546628,SAFE,0.0
1768155480.023941,SAFE,0.0
1768155480.0930188,SAFE,0.0
1768155480.159647,SAFE,0.0
1768155480.227903,SAFE,0.0
1768155480.31524,SAFE,0.0
1768155480.398128,SAFE,0.0
1768155480.4675798,SAFE,0.0
1768155480.5379,SAFE,0.0
1768155480.606549,SAFE,0.0
1768155480.675814,SAFE,0.0
1768155480.745478,SAFE,0.0
1768155480.8158379,SAFE,0.0
1768155480.883092,SAFE,0.0
1768155480.951766,SAFE,0.0
1768155481.018501,SAFE,0.0
1768155481.085769,SAFE,0.0
1768155481.1574268,SAFE,0.0
1768155481.229843,SAFE,0.0
1768155481.301402,SAFE,0.0
1768155481.368208,SAFE,0.0
1768155481.433922,SAFE,0.0
1768155481.502469,SAFE,0.0
1768155481.568542,SAFE,0.0
1768155481.639425,SAFE,0.0
1768155481.707009,SAFE,0.0
1768155481.778368,SAFE,0.0
1768155481.850821,SAFE,0.0
1768155481.923048,SAFE,0.0
1768155481.9953148,SAFE,0.0
1768155482.068359,SAFE,0.0
1768155482.137619,SAFE,0.0
1768155482.208868,SAFE,0.0
1768155482.2778602,SAFE,0.0
1768155482.344974,SAFE,0.0
1768155482.414922,SAFE,0.0
1768155482.48635,SAFE,0.0
1768155482.556247,SAFE,0.0
1768155482.622085,SAFE,0.0
1768155482.688315,SAFE,0.0
1768155482.7559612,SAFE,0.0
1768155482.827629,SAFE,0.0
1768155482.8993878,SAFE,0.0
1768155482.969561,SAFE,0.0
1768155483.042136,SAFE,0.0
1768155483.113291,SAFE,0.0
1768155483.185784,SAFE,0.0
1768155483.25755,SAFE,0.0
1768155483.327136,SAFE,0.0
1768155483.393273,SAFE,0.0
1768155483.460896,SAFE,0.0
1768155483.530965,SAFE,0.0
1768155483.6017668,SAFE,0.0
1768155483.669705,SAFE,0.0
1768155483.736309,SAFE,0.0
1768155483.8080142,SAFE,0.0
1768155483.8764951,SAFE,0.0
1768155483.944326,SAFE,0.0
1768155484.013663,SAFE,0.0
1768155484.084158,SAFE,0.0
1768155484.154801,SAFE,0.0
1768155484.222572,SAFE,0.0
1768155484.2925792,SAFE,0.0
1768155484.365162,SAFE,0.0
1768155484.432841,SAFE,0.0
1768155484.502552,SAFE,0.0
1768155484.571388,SAFE,0.0
1768155484.63999,SAFE,0.0
1768155484.7048771,SAFE,0.0
1768155484.7703328,SAFE,0.0
1768155484.837999,SAFE,0.0
1768155484.9051661,SAFE,0.0
1768155484.971929,SAFE,0.0
1768155485.037948,SAFE,0.0
1768155485.1067069,SAFE,0.0
1768155485.1773398,SAFE,0.0
1768155485.24684,SAFE,0.0
1768155485.314843,SAFE,0.0
1768155485.3856692,SAFE,0.0
1768155485.457508,SAFE,0.0
1768155485.524213,SAFE,0.0
1768155485.590098,SAFE,0.0
1768155485.657758,SAFE,0.0
1768155485.722921,SAFE,0.0
1768155485.7902458,SAFE,0.0
1768155485.859617,SAFE,0.0
1768155485.9287791,SAFE,0.0
1768155486.000397,SAFE,0.0
1768155486.070941,SAFE,0.0
1768155486.13534,SAFE,0.0
1768155486.201642,SAFE,0.0
1768155486.2710679,SAFE,0.0
1768155486.337926,SAFE,0.0
1768155486.4072661,SAFE,0.0
1768155486.4776819,SAFE,0.0
1768155486.5479,SAFE,0.0
1768155486.61797,SAFE,0.0
1768155486.6873221,SAFE,0.0
1768155486.757202,SAFE,0.0
1768155486.824859,SAFE,0.0
1768155486.897193,SAFE,0.0
1768155486.967957,SAFE,0.0
1768155487.0400572,SAFE,0.0
1768155487.1054158,SAFE,0.0
1768155487.1752791,SAFE,0.0
1768155487.244386,SAFE,0.0
1768155487.314168,SAFE,0.0
1768155487.3836439,SAFE,0.0
1768155487.4532979,SAFE,0.0
1768155487.521964,SAFE,0.0
1768155487.590803,SAFE,0.0
1768155487.660042,SAFE,0.0
1768155487.73011,SAFE,0.0
1768155487.797803,SAFE,0.0
1768155487.86367,SAFE,0.0
1768155487.932802,SAFE,0.0
1768155487.9980228,SAFE,0.0
1768155488.0649788,SAFE,0.0
1768155488.1348748,SAFE,0.0
1768155488.2033331,SAFE,0.0
1768155488.2727208,SAFE,0.0
1768155488.3457432,SAFE,0.0
1768155488.416373,SAFE,0.0
1768155488.490031,SAFE,0.0
1768155488.5603561,SAFE,0.0
1768155488.633215,SAFE,0.0
1768155488.7050939,SAFE,0.0
1768155488.779008,SAFE,0.0
1768155488.850715,SAFE,0.0
1768155488.927077,SAFE,0.0
1768155488.997931,SAFE,0.0
1768155489.064491,SAFE,0.0
1768155489.1349728,SAFE,0.0
1768155489.2067242,SAFE,0.0
1768155489.274744,SAFE,0.0
1768155489.3470578,SAFE,0.0
1768155489.416768,SAFE,0.0
1768155489.4898298,SAFE,0.0
1768155489.555646,SAFE,0.0
1768155489.625503,SAFE,0.0
1768155489.69406,SAFE,0.0
1768155489.7651432,SAFE,0.0
1768155489.833663,SAFE,0.0
1768155489.902617,SAFE,0.0
1768155489.972783,SAFE,0.0
1768155490.037653,SAFE,0.0
1768155490.104985,SAFE,0.0
1768155490.1749172,SAFE,0.0
1768155490.24597,SAFE,0.0
1768155490.314513,SAFE,0.0
1768155490.3800929,SAFE,0.0
1768155490.4492228,SAFE,0.0
1768155490.519316,SAFE,0.0
1768155490.5902028,SAFE,0.0
1768155490.6595562,SAFE,0.0
1768155490.727411,SAFE,0.0
1768155490.796263,SAFE,0.0
1768155490.863894,SAFE,0.0
1768155490.930722,SAFE,0.0
1768155490.996511,SAFE,0.0
1768155491.064777,SAFE,0.0
1768155491.130211,SAFE,0.0
1768155491.2005818,SAFE,0.0
1768155491.268,SAFE,0.0
1768155491.339635,SAFE,0.0
1768155491.4087198,SAFE,0.0
1768155491.481886,SAFE,0.0
1768155491.553222,SAFE,0.0
1768155491.6236181,SAFE,0.0
1768155491.693952,SAFE,0.0
1768155491.765944,SAFE,0.0
1768155491.8365,SAFE,0.0
1768155491.908884,SAFE,0.0
1768155491.978423,SAFE,0.0
1768155492.050048,SAFE,0.0
1768155492.1235461,SAFE,0.0
1768155492.1959932,SAFE,0.0
1768155492.266616,SAFE,0.0
1768155492.338031,SAFE,0.0
1768155492.411957,SAFE,0.0
1768155492.482848,SAFE,0.0
1768155492.555129,SAFE,0.0
1768155492.626327,SAFE,0.0
1768155492.699906,SAFE,0.0
1768155492.7707908,SAFE,0.0
1768155492.84395,SAFE,0.0
1768155492.917713,SAFE,0.0
1768155492.987446,SAFE,0.0
1768155493.083679,SAFE,0.0
1768155493.1550221,SAFE,0.0
1768155493.225823,SAFE,0.0
1768155493.2968361,SAFE,0.0
1768155493.365957,SAFE,0.0
1768155493.437066,SAFE,0.0
1768155493.509289,SAFE,0.0
1768155493.581586,SAFE,0.0
1768155493.6535602,SAFE,0.0
1768155493.723756,SAFE,0.0
1768155493.793482,SAFE,0.0
1768155493.861046,SAFE,0.0
1768155493.928406,SAFE,0.0
1768155493.995661,SAFE,0.0
1768155494.0674639,SAFE,0.0
1768155494.13714,SAFE,0.0
1768155494.210057,SAFE,0.0
1768155494.279698,SAFE,0.0
1768155494.352486,SAFE,0.0
1768155494.4260118,SAFE,0.0
1768155494.496567,SAFE,0.0
